-- phpMyAdmin SQL Dump
-- version 5.0.2
-- https://www.phpmyadmin.net/
--
-- Host: 127.0.0.1
-- Generation Time: Dec 13, 2020 at 07:27 PM
-- Server version: 10.4.14-MariaDB
-- PHP Version: 7.4.9

SET SQL_MODE = "NO_AUTO_VALUE_ON_ZERO";
START TRANSACTION;
SET time_zone = "+00:00";


/*!40101 SET @OLD_CHARACTER_SET_CLIENT=@@CHARACTER_SET_CLIENT */;
/*!40101 SET @OLD_CHARACTER_SET_RESULTS=@@CHARACTER_SET_RESULTS */;
/*!40101 SET @OLD_COLLATION_CONNECTION=@@COLLATION_CONNECTION */;
/*!40101 SET NAMES utf8mb4 */;

--
-- Database: `rest`
--

-- --------------------------------------------------------

--
-- Table structure for table `chapter`
--

CREATE TABLE `chapter` (
  `id` int(11) NOT NULL,
  `title` varchar(54) NOT NULL,
  `chapter_no` int(11) NOT NULL,
  `volume_id` int(11) NOT NULL
) ENGINE=InnoDB DEFAULT CHARSET=utf8mb4;

--
-- Dumping data for table `chapter`
--

INSERT INTO `chapter` (`id`, `title`, `chapter_no`, `volume_id`) VALUES
(1, 'Naruto Uzumaki!!', 1, 1),
(2, 'Konohamaru!!', 2, 1),
(3, 'Sasuke Uchiha!!', 3, 1),
(4, 'Kakasih Hatake!!', 4, 1),
(5, 'Unpreparedness is One\'s Greatest Enemy!!', 5, 1),
(6, 'Only for Sasuke...!!', 6, 1),
(7, 'Kakashi\'s Conclusion', 7, 1),
(8, 'And That\'s Why You\'re Disqualified!!', 8, 2),
(9, 'The Worst Client', 9, 2),
(10, 'The Second Critter', 10, 2),
(11, 'Disembarking...!!', 11, 2),
(12, 'This is the End!!!', 12, 2),
(13, 'I\'m a Ninja!!', 13, 2),
(14, 'A Secret Plan...!!!', 14, 2),
(15, 'The Sharingan Revived!!', 15, 2),
(16, 'Who Are You?!', 16, 2),
(17, 'Preparing for Battle!!', 17, 2),
(18, 'The Training Commences', 18, 3),
(19, 'A Symbol of Courage', 19, 3),
(20, 'The Country that Had a Hero...!!', 20, 3),
(21, 'Encounter in the Forest...!!', 21, 3),
(22, 'A Rival Appears!!', 22, 3),
(23, 'Two Assaults...!!', 23, 3),
(24, 'Speed!!', 24, 3),
(25, 'For the Sake of Dreams...!!', 25, 3),
(26, 'The Sharingan Crumbles...!!', 26, 3),
(27, 'Awakening...!!', 27, 3),
(28, 'Nine-Tails...!!', 28, 4),
(29, 'Important People...!!', 29, 4),
(30, 'Your Future is...!!', 30, 4),
(31, 'Everyone\'s Respective Battles...!!', 31, 4),
(32, 'The Tool Named Shinobi', 32, 4),
(33, 'The Hero\'s Bridge!!', 33, 4),
(34, 'Intruders?', 34, 4),
(35, 'Iruka vs. Kakashi?!', 35, 4),
(36, 'Sakura\'s Depression!!', 36, 4),
(37, 'The Worst Compatibility...!!!', 37, 5),
(38, 'Start...!!', 38, 5),
(39, 'The Challengers!!', 39, 5),
(40, 'The First Exam', 40, 5),
(41, 'The Whisper of Demons...!?', 41, 5),
(42, 'Everyone\'s Respective Battles...!!', 42, 5),
(43, 'The Tenth Question...!!', 43, 5),
(44, 'The Natures Tested for...!!', 44, 5),
(45, 'The Second Exam', 45, 5),
(46, 'The Password is...', 46, 6),
(47, 'Predator!!', 47, 6),
(48, 'The Target is...!!', 48, 6),
(49, 'Coward...!!', 49, 6),
(50, 'I\'ve Got to...!!', 50, 6),
(51, 'Beauty is the Beast!!', 51, 6),
(52, 'The Principles of Use!!', 52, 6),
(53, 'Sakura\'s Decision!!', 53, 6),
(54, 'Sakura and Ino', 54, 6),
(55, 'No Holds Barred!!', 55, 7),
(56, 'The Strength That is Given...!!', 56, 7),
(57, 'Ten Hours Earlier...', 57, 7),
(58, 'Witnesses...!!', 58, 7),
(59, 'The Tragedy of the Sand!!', 59, 7),
(60, 'The Last Chance...!!', 60, 7),
(61, 'The Path You Should Tread...!!', 61, 7),
(62, 'Trapped Like Rats!!', 62, 7),
(63, 'One More Face', 63, 7),
(64, 'Lord Hokage\'s Message...!!', 64, 8),
(65, 'Life-and-Death Battles!!', 65, 8),
(66, 'Sakura\'s Advice', 66, 8),
(67, 'Unholy Gifts!', 67, 8),
(68, 'Blood of the Uchiha', 68, 8),
(69, 'The Deadly Visitor!!', 69, 8),
(70, 'The One Who Dies!!', 70, 8),
(71, 'The Insurmountable Wall...!!', 71, 8),
(72, 'Rivals...!!', 72, 8),
(73, 'A Declaration of Defeat...?!', 73, 9),
(74, 'The Sixth Round Match, and Then...!!', 74, 9),
(75, 'Naruto\'s Coming-of-Age...!!', 75, 9),
(76, 'Kiba Turns the Tables... and So Does Naruto?!', 76, 9),
(77, 'Naruto\'s Clever Scheme!!', 77, 9),
(78, 'Neji and Hinata', 78, 9),
(79, 'The Hyuga Clan', 79, 9),
(80, 'The Outer Limits', 80, 9),
(81, 'Gaara Versus', 81, 9),
(82, 'Lee\'s Secret!!', 82, 10),
(83, 'The Ultimate Defense... Crumbles?!', 83, 10),
(84, 'The Genius of Hard Work...!!', 84, 10),
(85, 'Now, of All Times...!!', 85, 10),
(86, 'A Splendid Ninja...!!', 86, 10),
(87, 'The Preliminaries... Completed!!', 87, 10),
(88, 'What About Sasuke...?!', 88, 10),
(89, 'Naruto\'s Wish...!!', 89, 10),
(90, 'What About My Training?!', 90, 10),
(91, 'Make Me Your Disciple?!', 91, 11),
(92, 'Konoha. vs. Sound vs. Sand', 92, 11),
(93, 'Impassioned Efforts... Each and Every One!!', 93, 11),
(94, 'The Key...!!', 94, 11),
(95, 'A Chance Encounter...!!', 95, 11),
(96, 'The Unexpexted Visitor!!', 96, 11),
(97, 'My Reason for Living...!!', 97, 11),
(98, 'The Proud Failure!!', 98, 11),
(99, 'The Finals Commence...!!', 99, 11),
(100, 'Prepared to Lose...!!', 100, 12),
(101, 'The Other...!!', 101, 12),
(102, 'The Caged Bird...!!', 102, 12),
(103, 'The Failure!!', 103, 12),
(104, 'The Power to Change...!!', 104, 12),
(105, 'The Great Flight!!', 105, 12),
(106, 'Sasuke Uchiha!!', 106, 12),
(107, 'The Boy with No Fighting Spirit!!', 107, 12),
(108, 'A Plot Within a Plot...?!', 108, 12),
(109, 'Tree Leaves, Dancing...!!', 109, 13),
(110, 'At Long Last...!!', 110, 13),
(111, 'Sasuke vs. Gaara!!', 111, 13),
(112, 'Sasuke\'s Taijutsu...!!', 112, 13),
(113, 'The Reason He Was Late...!', 113, 13),
(114, 'Violent Assault...!!', 114, 13),
(115, 'The Chunin Exam, Concluded...!!', 115, 13),
(116, 'Operation Destroy Konoha...!!', 116, 13),
(117, 'The Imparted Mission...!!', 117, 13),
(118, 'Detainment...!!', 118, 14),
(119, 'The Life I Wanted...!!', 119, 14),
(120, 'Hokage vs. Hokage!!', 120, 14),
(121, 'The Terrible Experiment...!!', 121, 14),
(122, 'The Bestowed Will!!', 122, 14),
(123, 'The Final Seal', 123, 14),
(124, 'The Eternal Battle...!!', 124, 14),
(125, 'The Time of Awakening...!!', 125, 14),
(126, 'Off Guard...!!', 126, 14),
(127, 'To Feel Alive...!!', 127, 15),
(128, 'Exceeding One\'s Limits...!!', 128, 15),
(129, 'To Hurt...!!!', 129, 15),
(130, 'Love...!!!', 130, 15),
(131, 'The Name Gaara...!!', 131, 15),
(132, 'The Two... Darkness and Light', 132, 15),
(133, 'Those Who Are Strong...!!', 133, 15),
(134, 'Naruto\'s Ninja Handbook!', 134, 15),
(135, 'The Gale-Like Battle...!!', 135, 15),
(136, 'The Last Blow...!!', 136, 16),
(137, 'The Shinobi of Konoha...!!', 137, 16),
(138, 'Operation Destroy Konoha, Terminated!!', 138, 16),
(139, 'Eulogy...!!', 139, 16),
(140, 'Contact...!!', 140, 16),
(141, 'Uchiha Itachi!!', 141, 16),
(142, 'Kakashi vs. Itachi', 142, 16),
(143, 'The Fourth Hokage\'s Legacy!!', 143, 16),
(144, 'The Pursuers', 144, 16),
(145, 'Memories of Despair', 145, 17),
(146, 'Along with Hatred...!!', 146, 17),
(147, 'It\'s My Fight!!', 147, 17),
(148, 'Itachi\'s Power!!', 148, 17),
(149, 'The Legendary...!!', 149, 17),
(150, 'Training Begins...?!', 150, 17),
(151, 'The Hook...!!', 151, 17),
(152, 'The Second State', 152, 17),
(153, 'The Searchers!!', 153, 17),
(154, 'Converhence...!!', 154, 18),
(155, 'The Third State', 155, 18),
(156, 'The Offer', 156, 18),
(157, 'Tsunade\'s Answe...?!', 157, 18),
(158, 'No Forgiveness...!!', 158, 18),
(159, 'The Wager...!!', 159, 18),
(160, 'The Necklace of Death...!!', 160, 18),
(161, 'Tsunade\'s Choice!!', 161, 18),
(162, 'A Vulnerable Heart...!!', 162, 18),
(163, 'Undecayed...!!', 163, 19),
(164, 'Medical Specialists!!', 164, 19),
(165, 'Naruto Attacks!!', 165, 19),
(166, 'Shinobi Skills...!!', 166, 19),
(167, 'As Promised...!!', 167, 19),
(168, 'Once More', 168, 19),
(169, 'Risking Everything...!!', 169, 19),
(170, 'Deadlock!!!', 170, 19),
(171, 'Successor', 171, 19),
(172, 'The Return', 172, 20),
(173, 'Anguish', 173, 20),
(174, 'Feelings...!', 174, 20),
(175, 'Naruto vs. Sasuke!!', 175, 20),
(176, 'Rivals', 176, 20),
(177, 'The Sound Ninja Four', 177, 20),
(178, 'Invitation...!!', 178, 20),
(179, 'Never Forget...!!', 179, 20),
(180, 'A Promise!!', 180, 20),
(181, 'The Battle Begins...!!', 181, 21),
(182, 'Assemble!!', 182, 21),
(183, 'The Promise', 183, 21),
(184, 'Sound vs. Leaf!!', 184, 21),
(185, 'Pursuit...!!', 185, 21),
(186, 'Failure...?!', 186, 21),
(187, 'The Plea...!!', 187, 21),
(188, 'The Shinobi of Konohagakure...!!', 188, 21),
(189, 'Faith...!!', 189, 21),
(190, 'Unforgivable!!', 190, 21),
(191, 'Comrades...!!', 191, 22),
(192, 'The Plan...!!', 192, 22),
(193, 'Game Over', 193, 22),
(194, 'Taking Stock', 194, 22),
(195, 'Capture...!!', 195, 22),
(196, 'The Strongest Enemy!!', 196, 22),
(197, 'Prepared to Die!!', 197, 22),
(198, 'Transference...!!', 198, 22),
(199, 'The Wish...!!', 199, 22),
(200, 'According to Plan...!!', 200, 23),
(201, 'Miscalculation...!!', 201, 23),
(202, 'Three Wishes!!', 202, 23),
(203, 'Sakon\'s Secret', 203, 23),
(204, 'Ukon\'s Prowess', 204, 23),
(205, 'Kibas\'s Decision!!', 205, 23),
(206, 'Predicament...!!', 206, 23),
(207, 'Deadlocked', 207, 23),
(208, 'Fake-Out!!', 208, 23),
(209, 'Help Arrives!!', 209, 24),
(210, 'Lee\'s Secret!!', 210, 24),
(211, 'Unorthodox...!!', 211, 24),
(212, 'Danger Danger Danger!!', 212, 24),
(213, 'Debt...!!', 213, 24),
(214, 'Retreat...!!', 214, 24),
(215, 'Gaara of the Sand', 215, 24),
(216, 'Halberd and Shield...!!', 216, 24),
(217, 'For the Most Precious', 217, 24),
(218, 'Konohagakure Comrades!!', 218, 25),
(219, 'Future and Past', 219, 25),
(220, 'Brothers', 220, 25),
(221, 'Out of Reach', 221, 25),
(222, 'Itachi Accused', 222, 25),
(223, 'Father and Son', 223, 25),
(224, 'That Day...!!', 224, 25),
(225, 'In Darkness...!!', 225, 25),
(226, 'For a Friend...!!', 226, 25),
(227, 'Chidori vs. Rasengan!!', 227, 26),
(228, 'Kakashi\'s Premonition', 228, 26),
(229, 'The Bond...!!', 229, 26),
(230, 'Awakening!!', 230, 26),
(231, 'Special!!', 231, 26),
(232, 'The Final Valley', 232, 26),
(233, 'The Worst Ending...!!', 233, 26),
(234, 'Parting Ways...!!', 234, 26),
(235, 'Mission Failed...!!', 235, 26),
(236, 'A Broken Promise', 236, 27),
(237, 'Fool...!!', 237, 27),
(238, 'Departure!!', 238, 27),
(239, 'Chronicle 1: The Mission Begins...!!', 239, 27),
(240, 'Chronicle 2: Teamwork!!', 240, 27),
(241, 'Chronicle 3: A True Hero', 241, 27),
(242, 'Chronicle 4: The Crybaby Ninja', 242, 27),
(243, 'Chronicle 5: A Gift', 243, 27),
(244, 'Chronicle 6: Sharingan Hero', 244, 27),
(245, 'Homecoming!!', 245, 28),
(246, 'My, How They\'ve Grown!!', 246, 28),
(247, 'Intruders in the Sand', 247, 28),
(248, 'The Sand Strike Back...!!', 248, 28),
(249, 'The Kazekage Stands Tall...!!', 249, 28),
(250, 'New Squad, First Mission!!', 250, 28),
(251, 'To the Sand...!!', 251, 28),
(252, 'Feelings Run Wild...!!', 252, 28),
(253, 'Reinforcements...!!', 253, 28),
(254, 'Siblings...!!', 254, 29),
(255, 'Approach...!!', 255, 29),
(256, 'Enemies!!', 256, 29),
(257, 'Kakashi Comes Through', 257, 29),
(258, 'Guy vs. Kisame!!', 258, 29),
(259, 'The Power of Itachi...!!', 259, 29),
(260, 'Kakashi vs. Itachi!!', 260, 29),
(261, 'Jinchuriki Host...!!', 261, 29),
(262, 'Naruto Charges On...!!', 262, 29),
(263, 'Rage...!!', 263, 30),
(264, 'Sasori\'s Masterpiece...!!', 264, 30),
(265, 'Granny Chiyo & Sakura', 265, 30),
(266, 'Sasori Revealed...!!', 266, 30),
(267, 'Fierce Determination...!!', 267, 30),
(268, 'Puppet Masters!!', 268, 30),
(269, 'What Can I Do...?!', 269, 30),
(270, 'Miscalculation...!!', 270, 30),
(271, 'Unknown Power...!!', 271, 30),
(272, 'Granny Chiyo vs. Sasori...!!', 272, 31),
(273, 'Final Battle...!!', 273, 31),
(274, 'Impossible Dream', 274, 31),
(275, 'Reward...!!', 275, 31),
(276, 'New Sharingan!!', 276, 31),
(277, 'The Ultimate Art...!!', 277, 31),
(278, 'The Death of Gaara', 278, 31),
(279, 'Power & Miracles...!!', 279, 31),
(280, 'Trust!!', 280, 31),
(281, 'The Search for Sasuke!!', 281, 32),
(282, 'Team Kakashi Returns', 282, 32),
(283, 'Team Members Wanted!!', 283, 32),
(284, 'The New Cell...!!', 284, 32),
(285, 'The Foundation', 285, 32),
(286, 'Naruto, Sasuke & Sakura', 286, 32),
(287, 'Untitled', 287, 32),
(288, 'Feelings...?', 288, 32),
(289, 'The Akatsuki Spy!!', 289, 32),
(290, 'Consequences!!', 290, 33),
(291, 'Rage Trigger!!', 291, 33),
(292, 'The Third Tail...!!', 292, 33),
(293, 'Rampage...!!', 293, 33),
(294, 'The Fourth Tail...!!', 294, 33),
(295, 'Toward Nine Tails...!!', 295, 33),
(296, 'The Sad Conclusion', 296, 33),
(297, 'Sai\'s Mission!!', 297, 33),
(298, 'The Secret Mission...!!', 298, 33),
(299, 'The Source of Strength...!!', 299, 33),
(300, 'Sai\'s Picture Book!!', 300, 34),
(301, 'Sai & Sasuke!!', 301, 34),
(302, 'Infiltration...!!', 302, 34),
(303, 'Sai\'s Betrayal!!', 303, 34),
(304, 'Behind the Betrayal!!', 304, 34),
(305, 'Our Bond', 305, 34),
(306, 'The Reunion...!!', 306, 34),
(307, 'On a Whim...!!', 307, 34),
(308, 'Sasuke\'s Strength!!', 308, 34),
(309, 'A Conversation with Nine Tails!!', 309, 34),
(310, 'The Title', 310, 35),
(311, 'Nicknames', 311, 35),
(312, 'The Impending Menace!!', 312, 35),
(313, 'The New Two!!', 313, 35),
(314, 'The Akatsuki Strikes...!!', 314, 35),
(315, 'Special Drills!!', 315, 35),
(316, 'Let the Training Begin!!', 316, 35),
(317, 'Nightmares!!', 317, 35),
(318, 'Smooth Training', 318, 35),
(319, 'Driving Force', 319, 35),
(320, 'Bounties...!!', 320, 36),
(321, 'Honey-Tongued...!!', 321, 36),
(322, 'Unkillable', 322, 36),
(323, 'Judgement!!', 323, 36),
(324, 'Shikamaru\'s Analysis!!', 324, 36),
(325, 'There Won\'t Be a Later...!!', 325, 36),
(326, 'The Pain You Desire...!!', 326, 36),
(327, 'Amidst Despair', 327, 36),
(328, 'Cell Number 10', 328, 36),
(329, 'The Ultimate Goal...!!', 329, 36),
(330, 'The Heartbreaking Notice...!!', 330, 37),
(331, 'Cell Number 10 Sets Out...!!', 331, 37),
(332, 'Shikamaru\'s Battle!!', 332, 37),
(333, 'Affinities...!!', 333, 37),
(334, 'The Black Metamorphoses...!!', 334, 37),
(335, 'The Fearsome Secret!!', 335, 37),
(336, 'Turnabout Dilemma...!!', 336, 37),
(337, 'Shikamaru\'s Genius!!', 337, 37),
(338, 'Payback...', 338, 37),
(339, 'The New Jutsu', 339, 37),
(340, 'The Perilous Bridge', 340, 38),
(341, 'Practice Makes Perfect...!!', 341, 38),
(342, 'The Black King...!!', 342, 38),
(343, 'Merciless...', 343, 38),
(344, 'The Snake...', 344, 38),
(345, 'The Ritual...!!', 345, 38),
(346, 'The Secret of the New Jutsu!!', 346, 38),
(347, 'A Detour!!', 347, 38),
(348, 'And One Makes Three!!', 348, 38),
(349, 'The Northern Hideout', 349, 38),
(350, 'News of the Clash...!!', 350, 39),
(351, 'The Man-to-Man Talk!!', 351, 39),
(352, 'His Plan...!!', 352, 39),
(353, 'The Akatsuki Assembles...!!', 353, 39),
(354, 'On the Move', 354, 39),
(355, 'Where to...?!', 355, 39),
(356, 'Collision...!!', 356, 39),
(357, 'Deidara vs. Sasuke!!', 357, 39),
(358, 'Chasing C2!!', 358, 39),
(359, 'Those Eyes...!!', 359, 39),
(360, 'The C4 Karura', 360, 40),
(361, 'Achilles\' Heel...!!', 361, 40),
(362, 'The Ultimate Art!!', 362, 40),
(363, 'Sasuke\'s Death...!!', 363, 40),
(364, 'The Target...!!', 364, 40),
(365, 'Pursue Itachi!', 365, 40),
(366, 'Brothers', 366, 40),
(367, 'Itachi and Sasuke', 367, 40),
(368, 'Intel', 368, 40),
(369, 'Regarding Pain', 369, 40),
(370, 'Unease', 370, 41),
(371, 'Old Acquaintances!!', 371, 41),
(372, 'The Weeping Land!!', 372, 41),
(373, 'Back in the Day...!!', 373, 41),
(374, 'Advancement!!', 374, 41),
(375, 'Two Great Sages...!!', 375, 41),
(376, 'Child of Prophecy!!', 376, 41),
(377, 'Honored Sage Model!!', 377, 41),
(378, 'One to One...!!', 378, 41),
(379, 'Jiraiya\'s Decision', 379, 41),
(380, 'Faces...!!', 380, 42),
(381, 'True Identities...!!', 381, 42),
(382, 'The True Choice!!', 382, 42),
(383, 'The Final Chapter, and...!!', 383, 42),
(384, 'Two Paths..', 384, 42),
(385, 'The Secret of the Mangekyo...!!', 385, 42),
(386, 'New Light...!!', 386, 42),
(387, 'Reality...!!', 387, 42),
(388, 'Variance of Strength...!!', 388, 42),
(389, 'Sasuke\'s Flow!!', 389, 42),
(390, 'The Final Jutsu...!!', 390, 43),
(391, 'Thunderclap...!!', 391, 43),
(392, 'Susano\'o...!!', 392, 43),
(393, 'My Eyes...!!', 393, 43),
(394, 'Sasuke\'s Victory', 394, 43),
(395, 'The Mistery of Tobi', 395, 43),
(396, 'Self-Intro', 396, 43),
(397, 'The Man with the Truth', 397, 43),
(398, 'The Origin of Konoha', 398, 43),
(399, 'How It All Begins!!', 399, 43),
(400, 'Living a Nightmare', 400, 43),
(401, 'Illusions', 401, 43),
(402, 'Final Words', 402, 43),
(403, 'Tears', 403, 44),
(404, 'Taka & Akatsuki', 404, 44),
(405, 'Inheritance', 405, 44),
(406, 'The Key to the Future', 406, 44),
(407, 'Addressee: Naruto', 407, 44),
(408, 'Fukasaku\'s Proposition', 408, 44),
(409, 'Senjutsu Heir...!!', 409, 44),
(410, 'The Battle at Storm Cloud Ravine!!', 410, 44),
(411, 'Eight Tails vs. Sasuke!!', 411, 44),
(412, 'Quivers of Anticipation', 412, 44),
(413, 'Crumbling', 413, 45),
(414, 'Raging Bull', 414, 45),
(415, 'New Powers!!', 415, 45),
(416, 'Tales of a Gutsy Shinobi', 416, 45),
(417, 'Raikage on the Move!!', 417, 45),
(418, 'Sage Naruto!!', 418, 45),
(419, 'Raid!!', 419, 45),
(420, 'Battlefield, Konoha!!', 420, 45),
(421, 'Recall Naruto!!', 421, 45),
(422, 'Kakashi vs. Pain!!', 422, 45),
(423, 'Tendo\'s Ability!!', 423, 46),
(424, 'Determination!!', 424, 46),
(425, 'Hatake Kakashi', 425, 46),
(426, 'Naruto & Konoha!!', 426, 46),
(427, 'Reunion', 427, 46),
(428, 'Discourse', 428, 46),
(429, 'Know Pain', 429, 46),
(430, 'Naruto Returns!!', 430, 46),
(431, 'Naruto\'s Magnificent Explosion', 431, 46),
(432, 'Return of the rasen-Shuriken!!', 432, 46),
(433, 'Sage Jutsu, a Mistake...?!', 433, 47),
(434, 'Naruto vs. Tendo!!', 434, 47),
(435, 'Banshoten\'in! Universal Pull!!', 435, 47),
(436, 'Peace', 436, 47),
(437, 'Confessions', 437, 47),
(438, 'The Seal Destroyed!!', 438, 47),
(439, 'Catastrophic Planetary Construction', 439, 47),
(440, 'The Conversation with Lord Fourth!!', 440, 47),
(441, 'Rasen-Shuriken vs. Almighty Push!!', 441, 47),
(442, 'The Final Gamble!!', 442, 47),
(443, 'The Interview!!', 443, 48),
(444, 'The Response', 444, 48),
(445, 'Top of the World', 445, 48),
(446, 'I Just Want to Protect Them', 446, 48),
(447, 'I Believe', 447, 48),
(448, 'Heirloom...!!', 448, 48),
(449, 'The Blossom of Hope', 449, 48),
(450, 'The Cheering Village!!', 450, 48),
(451, 'Sasuke\'s Disposal!!', 451, 48),
(452, 'Pressured by Danzol!!', 452, 48),
(453, 'Gokage Summit\'s Eve', 453, 48),
(454, 'Enter the Gokage...!!', 454, 49),
(455, 'Links...!!', 455, 49),
(456, 'Naruto Heads Out...!!', 456, 49),
(457, 'The Gokage Summit Commences!!', 457, 49),
(458, 'The Great Gokage Debate...!!', 458, 49),
(459, 'Sakura\'s Resolve!!', 459, 49),
(460, 'Trapping Sasuke...!!', 460, 49),
(461, 'Kumogakure vs. Taka!!', 461, 49),
(462, 'Sasuke\'s Shinobi Way...!!', 462, 49),
(463, 'Sasuke vs. Raikage!!', 463, 49),
(464, 'The Power of Darkness...!!', 464, 50),
(465, 'The Summit Hall Attacked!', 465, 50),
(466, 'The Great Battle in the Sealed Room!!', 466, 50),
(467, 'Declaration of War', 467, 50),
(468, 'Eight Tails and Nine Tails', 468, 50),
(469, 'The Confession!!', 469, 50),
(470, 'Killer Bee vs. Kisame!!', 470, 50),
(471, 'Eight Tails Version 2!!', 471, 50),
(472, 'Water Prison Death Match!!', 472, 50),
(473, 'Bro', 473, 50),
(474, 'A Hokage\'s Decision...!!', 474, 51),
(475, 'Madara\'s True Worth!!', 475, 51),
(476, 'Sasuke vs. Danzo...!!', 476, 51),
(477, 'Do Not Speak of Itachi', 477, 51),
(478, 'Sasuke\'s Susano\'o!!', 478, 51),
(479, 'The Izanagi', 479, 51),
(480, 'Sacrifice', 480, 51),
(481, 'The Death of Danzo!!', 481, 51),
(482, 'Just One More Time...', 482, 51),
(483, 'Master and Student Reunited!!', 483, 51),
(484, 'Cell Seven Reunion!!', 484, 52),
(485, 'Near Yet Far', 485, 52),
(486, 'Fists', 486, 52),
(487, 'The Battle Begins...!!', 487, 52),
(488, 'Every Shinobi Village', 488, 52),
(489, 'Facing A Great Ninja War...!!', 489, 52),
(490, 'The Truth About Nine-Tails!!', 490, 52),
(491, 'The Jinchuriki, Detained!!', 491, 52),
(492, 'Salutations', 492, 52),
(493, 'Dark Naruto!!', 493, 52),
(494, 'Killer Bee and Motoi', 494, 52),
(495, 'Dark Naruto, Defeated!!', 495, 53),
(496, 'Reunion with Nine Tails!!', 496, 53),
(497, 'Nine Tails vs. Naruto!!', 497, 53),
(498, 'My Ma\'s Red Hair', 498, 53),
(499, 'A New Seal!!', 499, 53),
(500, 'The Birth of Naruto', 500, 53),
(501, 'Nine-Tails Attacks!!', 501, 53),
(502, 'The Fourth Lord\'s Death Match!!', 502, 53),
(503, 'Minato\'s Reaper Death Seal!!', 503, 53),
(504, 'Thank You', 504, 53),
(505, 'Nine-Tails Chakra, Opened!!', 505, 54),
(506, 'Guy vs. Kisame!!', 506, 54),
(507, 'A False Existence...!!', 507, 54),
(508, 'Shinobi Death Style', 508, 54),
(509, 'Viaduct to Peace', 509, 54),
(510, 'Forbidden Jutsu Shock!!', 510, 54),
(511, 'We Shall Return', 511, 54),
(512, 'The Truth About Zetsu!!', 512, 54),
(513, 'Kabuto vs. Tsuchikage!!', 513, 54),
(514, 'Kabuto\'s Plan!!', 514, 54),
(515, 'The Great War Begins!', 515, 55),
(516, 'Gaara\'s Speech', 516, 55),
(517, 'Omoi\'s War!!', 517, 55),
(518, 'Battle of the Commando Units!!', 518, 55),
(519, 'The Biju Bomb', 519, 55),
(520, 'Secrets of the Edotensei', 520, 55),
(521, 'The Main Regiment in Battle!!', 521, 55),
(522, 'We Died.', 522, 55),
(523, 'The Legendary Seven Swordsmen of the Mist!!', 523, 55),
(524, 'That Which Ought to be Protected', 524, 55),
(525, 'The Kage Resurrected!!', 525, 56),
(526, 'D Unit\'s Battle Challenge!!', 526, 56),
(527, 'Forbidden Words', 527, 56),
(528, 'Transcendent Drab', 528, 56),
(529, 'Golden Bonds', 529, 56),
(530, 'Choji\'s Decision', 530, 56),
(531, 'Team Asuma Reunited!', 531, 56),
(532, 'Mifune vs. Hanzo, Decided!!', 532, 56),
(533, 'A Time of Oaths', 533, 56),
(534, 'Farewell, Ino-Shika-Cho!!', 534, 56),
(535, 'Iruka\'s Impact', 535, 57),
(536, 'Battle...!!', 536, 57),
(537, 'Toward Nightfall...!!', 537, 57),
(538, 'Cross-Examination', 538, 57),
(539, 'Blood Night...!!', 539, 57),
(540, 'Madara\'s Scheme!!', 540, 57),
(541, 'Raikage vs. Naruto!?', 541, 57),
(542, 'The Secret Origin of the Ultimate Tag Team!!', 542, 57),
(543, 'Truer Words', 543, 57),
(544, 'Two Suns!!', 544, 57),
(545, 'The Immortal Corps', 545, 58),
(546, 'Kage Showdown!!', 546, 58),
(547, 'Valued Treasures!!', 547, 58),
(548, 'Naruto vs. Itachi!!', 548, 58),
(549, 'Itachi\'s Question!!', 549, 58),
(550, 'Koto\'Amatsukami', 550, 58),
(551, 'Stop Nagato!!', 551, 58),
(552, 'To Be a Hokage...!!', 552, 58),
(553, 'The Battlefield!!', 553, 58),
(554, 'The Rasen-Shuriken Limit...!!', 554, 58),
(555, 'Paradox', 555, 58),
(556, 'Gaara vs. Mizukage!!', 556, 59),
(557, 'Steam Imp!!', 557, 59),
(558, 'Kabuto\'s Trump Card...!!', 558, 59),
(559, 'Reinforcements...!!', 559, 59),
(560, 'Uchiha Madara', 560, 59),
(561, 'Power of a Name', 561, 59),
(562, 'Reclamation', 562, 59),
(563, 'The Five Kage...!!', 563, 59),
(564, 'Nobody', 564, 59),
(565, 'Jinchuriki vs. Jinchuriki!!', 565, 59),
(566, 'Eyes and Beasts', 566, 60),
(567, 'Jinchuriki of Konoha', 567, 60),
(568, 'Four-Tails, the King of Sage Monkeys', 568, 60),
(569, 'Proof of Will!!', 569, 60),
(570, 'Kurama!!', 570, 60),
(571, 'Biju Mode!!', 571, 60),
(572, 'Nine Names', 572, 60),
(573, 'The Path to Light', 573, 60),
(574, 'Eyes That See In The Dark', 574, 60),
(575, 'A Will of Stone', 575, 60),
(576, 'Signposts', 576, 61),
(577, 'Hate Blade', 577, 61),
(578, 'The Weak Point of Despair', 578, 61),
(579, 'Uchiha Brothers United Front', 579, 61),
(580, 'Brother Time', 580, 61),
(581, 'To Each Their Own Konoha', 581, 61),
(582, 'Nothing', 582, 61),
(583, 'Who Are You?', 583, 61),
(584, 'Yakushi Kabuto', 584, 61),
(585, 'I am Me', 585, 61),
(586, 'The Izanami Activated', 586, 61),
(587, 'Nine O\'Clock', 587, 61),
(588, 'Burden of a Kage', 588, 62),
(589, 'Edotensei Jutsu, Release!', 589, 62),
(590, 'I Will Love You Always', 590, 62),
(591, 'Risk', 591, 62),
(592, 'A Third Fprce', 592, 62),
(593, 'Orochimaru\'s Return', 593, 62),
(594, 'The Progenitor', 594, 62),
(595, 'The Crack', 595, 62),
(596, 'One SIngle Jutsu', 596, 62),
(597, 'The Secret of Teleportation Ninjutsu', 597, 62),
(598, 'Demolition!!', 598, 63),
(599, 'Uchiha Obito', 599, 63),
(600, 'Why Not Sooner?', 600, 63),
(601, 'Obito and Madara', 601, 63),
(602, 'Alive', 602, 63),
(603, 'Rehab', 603, 63),
(604, 'Reunion, and then...', 604, 63),
(605, 'Hell', 605, 63),
(606, 'World of Dreams', 606, 63),
(607, 'It Doesn\'t Matter to Me', 607, 63),
(608, 'Kakashi\'s Resolve', 608, 64),
(609, 'The End', 609, 64),
(610, 'Ten Tails', 610, 64),
(611, 'The Arrival', 611, 64),
(612, 'The Allied Shinobi Forces Jutsu!!', 612, 64),
(613, 'The Brains', 613, 64),
(614, 'Because of You', 614, 64),
(615, 'The Ties That Bind', 615, 64),
(616, 'Those Who Dance in the Shadows', 616, 64),
(617, 'Those Who Dance in the Shadows, Part 2', 617, 64),
(618, 'The All-Knowing', 618, 65),
(619, 'A Clan Possessed by Evil', 619, 65),
(620, 'Senju Hashirama', 620, 65),
(621, 'Hashirama and Madara', 621, 65),
(622, 'It Reached', 622, 65),
(623, 'View', 623, 65),
(624, 'Even', 624, 65),
(625, 'My True Dream', 625, 65),
(626, 'Hashirama and Madara, Part 2', 626, 65),
(627, 'Sasuke\'s Answer', 627, 65),
(628, 'Here and Now, and Hereafter', 628, 66),
(629, 'Hole', 629, 66),
(630, 'Something to Fill the Hole', 630, 66),
(631, 'Cell Number 7', 631, 66),
(632, 'A United Front', 632, 66),
(633, 'Onward', 633, 66),
(634, 'The New Three', 634, 66),
(635, 'A New Wind', 635, 66),
(636, 'The Current Obito', 636, 66),
(637, 'The Ten Tails\' Jinchuriki', 637, 66),
(638, 'The Ten Tails\' Jinchuriki, Obito', 638, 67),
(639, 'Assault', 639, 67),
(640, 'Finally', 640, 67),
(641, 'You Two Are the Main Act!!', 641, 67),
(642, 'An Opening', 642, 67),
(643, 'Fist Bump', 643, 67),
(644, 'I Know', 644, 67),
(645, 'Two Powers', 645, 67),
(646, 'Divine Tree', 646, 67),
(647, 'Regret', 647, 67),
(648, 'A Shinobi\'s Dream!!', 648, 68),
(649, 'A Shinobi\'s Will', 649, 68),
(650, 'Those Who Shall Sleep', 650, 68),
(651, 'That Which Fills the Hole', 651, 68),
(652, 'Naruto\'s Path', 652, 68),
(653, 'I\'m Always Watching', 653, 68),
(654, 'I\'m Uchiha Obito', 654, 68),
(655, 'Path', 655, 68),
(656, 'The Switch', 656, 68),
(657, 'Uchiha Madara Returns', 657, 68),
(658, 'Biju vs. Madara...!!', 658, 69),
(659, 'Limbo Hengoku', 659, 69),
(660, 'One\'s True Heart', 660, 69),
(661, 'A Failed World', 661, 69),
(662, 'A True Ending', 662, 69),
(663, 'No Matter What', 663, 69),
(664, 'I\'m His Father', 664, 69),
(665, 'The Current Me', 665, 69),
(666, 'The Two Mangekyo', 666, 69),
(667, 'The End to Blue Days', 667, 69),
(668, 'The Start of a Crimson Spring', 668, 69),
(669, 'The Eight Inner Gates Formation!!', 669, 70),
(670, 'He of the Beginning...!!', 670, 70),
(671, 'Naruto and the Sage of Six Paths', 671, 70),
(672, 'Night Guy!!', 672, 70),
(673, 'We Will...!!', 673, 70),
(674, 'Sasuke\'s Rinnegan', 674, 70),
(675, 'Your Current Dream', 675, 70),
(676, 'The Infinite Dream', 676, 70),
(677, 'The Infinite Tsukuyomi', 677, 70),
(678, 'My Will is...', 678, 70),
(679, 'She of the Beginning', 679, 70),
(680, 'Once More', 680, 71),
(681, 'Kaguya\'s Tears', 681, 71),
(682, 'Bet Ya Never Seen This', 682, 71),
(683, 'I Dreamt the Same Dream', 683, 71),
(684, 'We Ought to Kill Him', 684, 71),
(685, 'All That I\'ve Got!', 685, 71),
(686, 'Bequeth and Inherit', 686, 71),
(687, 'You Better', 687, 71),
(688, 'He of the Sharingan!!', 688, 71),
(689, 'I Love You Guys', 689, 71),
(690, 'Ninja History', 690, 71),
(691, 'Congratulations', 691, 72),
(692, 'Revolution', 692, 72),
(693, 'Here Once Again', 693, 72),
(694, 'Naruto and Sasuke, Part 1', 694, 72),
(695, 'Naruto and Sasuke, Part 2', 695, 72),
(696, 'Naruto and Sasuke, Part 3', 696, 72),
(697, 'Naruto and Sasuke, Part 4', 697, 72),
(698, 'Naruto and Sasuke, Part 5', 698, 72),
(699, 'Unison Sign', 699, 72),
(700, 'Uzumaki Naruto!!', 700, 72),
(701, 'Endings and Beginnings', 1, 73),
(702, 'Karasuno High School Volleyball Club', 2, 73),
(703, 'Single-Celled Organisms', 3, 73),
(704, 'The Greatest Teammate', 4, 73),
(705, 'The King of The Court', 5, 73),
(706, 'Middle School Story', 6, 73),
(707, 'Words from The Have-Nots', 7, 73),
(708, 'The View from The Top', 8, 74),
(709, 'Birth of a Combo', 9, 74),
(710, 'Rookie Nerves', 10, 74),
(711, 'Reunion and Failure', 11, 74),
(712, 'Back to Normal', 12, 74),
(713, 'An Interesting Team', 13, 74),
(714, 'VS. the Great King', 14, 74),
(715, 'Chemical Reaction', 15, 74),
(716, 'Another Prodigy', 16, 74),
(717, 'Storm', 17, 75),
(718, 'The One Known as the Ace', 18, 75),
(719, 'Honest Feelings', 19, 75),
(720, 'Guardian Deity', 20, 75),
(721, 'Setting for the Ace', 21, 75),
(722, 'Idolization', 22, 75),
(723, 'Same One Point', 23, 75),
(724, 'Go, Team Karasuno!', 24, 75),
(725, 'Random Encounter', 25, 75),
(726, 'The Decision', 26, 76),
(727, 'The Cat-Crow Reunion', 27, 76),
(728, 'A Monster and His Club', 28, 76),
(729, 'The Brain', 29, 76),
(730, 'How to Fly', 30, 76),
(731, 'Rivals!', 31, 76),
(732, 'Grown Cat vs. Baby Crow', 32, 76),
(733, 'What It Means to Connect', 33, 76),
(734, 'Vow for a Rematch', 34, 76),
(735, 'Powerful Opponents', 35, 77),
(736, 'Preparing for Flight', 36, 77),
(737, 'It Begins', 37, 77),
(738, 'Warm-Ups', 38, 77),
(739, 'The Return', 39, 77),
(740, 'Winners and Losers', 40, 77),
(741, 'Round 2', 41, 77),
(742, 'The Iron Wall', 42, 77),
(743, 'Freak Quick Unleashed', 43, 77),
(744, 'The Greatest Decoy', 44, 77),
(745, 'Behind The Light', 45, 78),
(746, 'Got Your Back', 46, 78),
(747, 'Aces and Heroes', 47, 78),
(748, 'The Conductor', 48, 78),
(749, 'VS. the Great King: Part 2', 49, 78),
(750, 'Setter Battle!', 50, 78),
(751, 'The Strength of a Powerhouse', 51, 78),
(752, 'Makings of an Ace', 52, 78),
(753, 'Tohru Oikawa Is No Prodigy', 53, 78),
(754, 'Upperclassman\'s Strength', 54, 79),
(755, 'My Best and Your Best', 55, 79),
(756, 'The Elite Few', 56, 79),
(757, 'Break', 57, 79),
(758, 'Back to Normal: Part 2', 58, 79),
(759, 'Direct Communication', 59, 79),
(760, 'Evolution', 60, 79),
(761, 'Base Talent and a Little Monster', 61, 79),
(762, 'The Whole Width of the Court', 62, 79),
(763, 'Momentum Swing', 63, 80),
(764, 'Momentum Swing: Part 2', 64, 80),
(765, 'Catching Up', 65, 80),
(766, 'Again', 66, 80),
(767, 'Smiles', 67, 80),
(768, 'Former Lonely Tyrant', 68, 80),
(769, 'The Losers', 69, 80),
(770, 'Day 3', 70, 80),
(771, 'Regrets and New Goals', 71, 80),
(772, 'Let\'s Go to Tokyo!!', 72, 81),
(773, 'The Road to Tokyo', 73, 81),
(774, 'Direct Sunlight', 74, 81),
(775, 'Villager B', 75, 81),
(776, 'Creator', 76, 81),
(777, 'Confronting the Champion', 77, 81),
(778, 'Let\'s Go to Tokyo!! For Real!!', 78, 81),
(779, 'Center Ace', 79, 81),
(780, 'Desire', 80, 81),
(781, 'Room to Grow', 81, 82),
(782, 'Rupture', 82, 82),
(783, 'Tempo', 83, 82),
(784, 'New Evolutions', 84, 82),
(785, 'Omnivores', 85, 82),
(786, 'Moonrise', 86, 82),
(787, 'Ace\'s Pride', 87, 82),
(788, 'Illusionary Hero', 88, 82),
(789, 'Reasons', 89, 82),
(790, 'Back in Action', 90, 83),
(791, 'Vs. the Umbrella', 91, 83),
(792, 'Stillness and Motion', 92, 83),
(793, 'Gears', 93, 83),
(794, 'Unthinking Guidance', 94, 83),
(795, 'Ace\'s Form', 95, 83),
(796, 'The Black Team', 96, 83),
(797, 'Above', 97, 83),
(798, 'Conversations', 98, 83),
(799, 'The Tournament Begins!', 99, 84),
(800, 'Image', 100, 84),
(801, 'Regrets and Motivation', 101, 84),
(802, 'Pure and Simple Power', 102, 84),
(803, 'Ground War', 103, 84),
(804, 'Baby Bird', 104, 84),
(805, 'On the Same Field', 105, 84),
(806, 'Obstacles', 106, 84),
(807, 'Growth Spurt', 107, 84),
(808, 'The Teams Arrive', 108, 85),
(809, 'Let the Game Begin', 109, 85),
(810, 'The Strength Needed for Freedom', 110, 85),
(811, 'Inexperienced', 111, 85),
(812, 'Playground', 112, 85),
(813, 'Playground: Part 2', 113, 85),
(814, 'Playground: Part 3', 114, 85),
(815, 'Next', 115, 85),
(816, 'Vs. Wakutani Minami', 116, 85),
(817, 'While Battling the Little Giant', 117, 85),
(818, 'Substitue Foundation', 118, 86),
(819, 'Quitter\'s Battle', 119, 86),
(820, 'Quitter\'s Battle: Part 2', 120, 86),
(821, 'Battle with the Little Giant Resumed', 121, 86),
(822, 'Challenger', 122, 86),
(823, 'Another Idol', 123, 86),
(824, 'Battle\'s End', 124, 86),
(825, 'Those Who Lost', 125, 86),
(826, 'The Third Panel', 126, 87),
(827, 'Golden Child', 127, 87),
(828, 'The Wall Will be Rebuilt', 128, 87),
(829, 'The New Karasuno', 129, 87),
(830, 'Overcome', 130, 87),
(831, 'Aoba Johsai\'s Gears', 131, 87),
(832, 'Destroyer', 132, 87),
(833, 'Setter Battle: Round 2', 133, 87),
(834, 'Both Teams', 134, 87),
(835, 'Slow Starter', 135, 87),
(836, 'Momentum Swing: Part 3', 136, 88),
(837, 'Ex-Quitter\'s Battle', 137, 88),
(838, 'Serving: The Ultimate Attack', 138, 88),
(839, 'Archnemesis', 139, 88),
(840, 'Hoodlums', 140, 88),
(841, 'Tea,', 141, 88),
(842, 'Types of Strength', 142, 88),
(843, 'Light', 143, 88),
(844, 'In the Zone', 144, 88),
(845, 'In the Zone: Part 2', 145, 89),
(846, 'Talent and Instinct', 146, 89),
(847, 'Head-On Challenge', 147, 89),
(848, 'Declaration of War', 148, 89),
(849, 'Encounters Trigger Chemical Reactions', 149, 89),
(850, 'Greetings', 150, 89),
(851, 'First-Time Finalists', 151, 89),
(852, 'Fear the SouthPaw', 152, 89),
(853, 'Third Hit', 153, 89),
(854, 'Fistfight', 154, 90),
(855, 'The Road to the Final Boss', 155, 90),
(856, 'Guess Monster', 156, 90),
(857, 'Logic and Power', 157, 90),
(858, 'Backup', 158, 90),
(859, 'Links', 159, 90),
(860, 'Vigilance', 160, 90),
(861, 'catalyst', 161, 90),
(862, 'Hope Is a Waxing Moon', 162, 90),
(863, 'Moon\'s Halo', 163, 91),
(864, 'Just a Point', 164, 91),
(865, 'Consistency', 165, 91),
(866, 'Guardian and Moonlight', 166, 91),
(867, 'One vs. Many', 167, 91),
(868, 'Not a Miracle', 168, 91),
(869, 'Man-Made Wings', 169, 91),
(870, 'Identity', 170, 91),
(871, 'Everyone\'s a Competitor', 171, 91),
(872, 'A Battle of Stamina', 172, 92),
(873, 'Precipitous Cliff', 173, 92),
(874, 'A Battle of Tenths of a Second', 174, 92),
(875, 'Always New', 175, 92),
(876, 'Fresh', 176, 92),
(877, 'Unpleasant Barrier', 177, 92),
(878, 'Particular', 178, 92),
(879, 'Detestable man', 179, 92),
(880, 'Particular: Part 2', 180, 92),
(881, 'Fistfight: Part 2', 181, 93),
(882, 'A Message Conveyed', 182, 93),
(883, 'The Person We\'ve Yearned For', 183, 93),
(884, 'I\'ve Never Had This Feeling Before', 184, 93),
(885, 'Move, My Legs', 185, 93),
(886, 'Volleyball Fanatic', 186, 93),
(887, 'The Daytime Moon', 187, 93),
(888, 'A Battle Of Concepts', 188, 93),
(889, 'Declaration of War: Part 2', 189, 93),
(890, 'The Next Battle', 190, 93),
(891, 'Cats vs. Owls', 191, 94),
(892, 'Engine', 192, 94),
(893, 'Self-proclaimed Ace', 193, 94),
(894, 'Encirclement', 194, 94),
(895, 'Land vs. Air', 195, 94),
(896, 'Do or Die', 196, 94),
(897, 'Snakes vs. Cats', 197, 94),
(898, 'Outrageous', 198, 94),
(899, 'Shaken', 199, 94),
(900, 'The Willpower of the Seniors', 200, 95),
(901, 'Wing It!', 201, 95),
(902, 'Nekoma\'s Ace', 202, 95),
(903, 'The Wind Rises', 203, 95),
(904, 'Volleyball That Even Idiots Understand', 204, 95),
(905, 'The Ball\'s Path', 205, 95),
(906, 'Report', 206, 95),
(907, 'Preparation', 207, 95),
(908, 'First Snow', 208, 96),
(909, 'Self-Introduction', 209, 96),
(910, 'We\'ve Yet To Reach The Starting Point', 210, 96),
(911, 'Lost Child', 211, 96),
(912, 'Vantage Point', 212, 96),
(913, 'Ball Boy Lv.1', 213, 96),
(914, 'Monsters', 214, 96),
(915, 'Sound', 215, 96),
(916, 'Lost Child 2', 216, 96),
(917, 'Lax', 217, 97),
(918, 'Till The Very End', 218, 97),
(919, 'Hunger', 219, 97),
(920, 'Joining of Forces', 220, 97),
(921, 'The Wall, Once More', 221, 97),
(922, 'Exaltation', 222, 97),
(923, 'Harsh', 223, 97),
(924, 'Return', 224, 97),
(925, 'Awkward', 225, 98),
(926, 'Taking Advantage of Confusion', 226, 98),
(927, 'Challenger', 227, 98),
(928, 'Transformation', 228, 98),
(929, 'The Other Day', 229, 98),
(930, 'Their Respective Nights', 230, 98),
(931, 'Beginnings and Happenings', 231, 98),
(932, 'Warfront', 232, 98),
(933, 'The First Opponent', 233, 98),
(934, 'Adjust', 234, 99),
(935, 'Release', 235, 99),
(936, 'Adjust 2', 236, 99),
(937, 'Growth Period', 237, 99),
(938, 'Attack and Defense', 238, 99),
(939, 'Ally', 239, 99),
(940, 'Baptism', 240, 99),
(941, 'The Chance That Was Left To Us', 241, 99),
(942, 'The Chance That Connects', 242, 99),
(943, 'Their Respective First Matches', 243, 100),
(944, 'Weakness Number 6', 244, 100),
(945, 'Striking', 245, 100),
(946, 'Night', 246, 100),
(947, 'Day 2', 247, 100),
(948, 'Disparity', 248, 100),
(949, 'Cacophony and Silence', 249, 100),
(950, 'Challengers', 250, 100),
(951, 'Rhythm', 251, 100),
(952, 'Back Shield', 252, 101),
(953, 'Critical Hit', 253, 101),
(954, 'Oddballs, Demons, Evil Spirits of Rivers and Mountains', 254, 101),
(955, 'Discovery', 255, 101),
(956, 'Moonlit Dusk', 256, 101),
(957, 'Just and Proper', 257, 101),
(958, 'EXP Points', 258, 101),
(959, 'Push it Push it BAM BAM', 259, 101),
(960, 'Desperation', 260, 101),
(961, 'The Means to Jump', 261, 102),
(962, 'Always Facing Forward', 262, 102),
(963, 'An Upperclassman\'s Willpower', 263, 102),
(964, 'Broken Hearted', 264, 102),
(965, 'Meanwhile, the Lethargic Cats...', 265, 102),
(966, 'Cats vs Monkeys', 266, 102),
(967, 'Trap', 267, 102),
(968, 'Kozume Kenma\'s Theory of Willpower', 268, 102),
(969, 'The Beasts', 269, 102),
(970, 'Instrumental Trio Ensemble', 270, 103),
(971, 'Main Battery', 271, 103),
(972, 'The Strongest Challengers', 272, 103),
(973, 'Flow', 273, 103),
(974, 'Captain', 274, 103),
(975, 'Persistence and Accumulation', 275, 103),
(976, 'This is War', 276, 103),
(977, 'Outnumbered', 277, 103),
(978, 'Hero of the Guardian Deity', 278, 103),
(979, 'Love', 279, 104),
(980, 'Concept', 280, 104),
(981, 'Piton', 281, 104),
(982, 'Rice', 282, 104),
(983, 'Creed', 283, 104),
(984, 'Connect', 284, 104),
(985, 'Birth of the Quiet King', 285, 104),
(986, 'Threat (Trust)', 286, 104),
(987, 'Anti-Miracle', 287, 104),
(988, 'Infectious Voracity', 288, 105),
(989, 'Lax 2', 289, 105),
(990, 'Monster\'s Banquet', 290, 105),
(991, 'The Day of Change', 291, 105),
(992, 'A Night, Once Passed, Never Comes Back', 292, 105),
(993, 'The Promised Place', 293, 105),
(994, 'Battle at the Trash Heap', 294, 105),
(995, 'Demon Crow', 295, 105),
(996, 'Synchronized Advancement', 296, 105),
(997, 'Teacher and Student', 297, 106),
(998, 'Guide', 298, 106),
(999, 'Order and Chaos', 299, 106),
(1000, 'Thrill', 300, 106),
(1001, 'Little by Little', 301, 106),
(1002, 'Cat Claws', 302, 106),
(1003, 'Dislike', 303, 106),
(1004, 'The Way to Score', 304, 106),
(1005, 'One Step Forward, Two Steps Dash', 305, 106),
(1006, 'Take Aim', 306, 107),
(1007, 'Tenacity', 307, 107),
(1008, 'Needle and Broadsword', 308, 107),
(1009, 'Inducing', 309, 107),
(1010, 'Birdcage', 310, 107),
(1011, 'The Sorrow of the End', 311, 107),
(1012, 'Take Aim 2', 312, 107),
(1013, 'To \'Never Give Up\' Is Easier Said Than Done', 313, 107),
(1014, 'The Greatest Teammate 2', 314, 107),
(1015, 'Attack', 315, 108),
(1016, 'Rivals 2', 316, 108),
(1017, 'Update', 317, 108),
(1018, 'Partner', 318, 108),
(1019, 'Guardians', 319, 108),
(1020, 'Teacher and Student 2', 320, 108),
(1021, 'Battle Between Beasts', 321, 108),
(1022, 'Victory', 322, 108),
(1023, 'Last Battle', 323, 109),
(1024, 'The End of the Clashe of Ages', 324, 109),
(1025, 'The Promise of the Trash Heap', 325, 109),
(1026, 'Afternoon', 326, 109),
(1027, 'Volleyball Bugs', 327, 109),
(1028, 'A Battle We Can\'t Afford to Lose', 328, 109),
(1029, 'National Top Three Aces', 329, 109),
(1030, 'The Fate of an Ace', 330, 109),
(1031, 'The Ace\'s Awakening', 331, 109),
(1032, 'Star', 332, 110),
(1033, 'Task Focus', 333, 110),
(1034, 'Through Rock Bottom', 334, 110),
(1035, 'Completely Absorbed', 335, 110),
(1036, 'Where Monsters Go', 336, 110),
(1037, 'Next', 337, 110),
(1038, 'The Game to Crown the New Little Giant', 338, 110),
(1039, 'Acknowledgement', 339, 110),
(1040, 'Flickering Flames of Rivalry', 340, 110),
(1041, 'Vines', 341, 111),
(1042, 'Logic', 342, 111),
(1043, 'Little Giants', 343, 111),
(1044, 'Milestones', 344, 111),
(1045, 'Cut to the Quick', 345, 111),
(1046, 'Expectations', 346, 111),
(1047, 'Holes', 347, 111),
(1048, 'Cracking the Strategy', 348, 111),
(1049, 'Scraping By', 349, 111),
(1050, 'Freedom and Confinement', 350, 112),
(1051, 'Nimble', 351, 112),
(1052, 'Affirmation', 352, 112),
(1053, 'A Quiet Awakening', 353, 112),
(1054, 'Give Your All for Your Teammates', 354, 112),
(1055, 'Retry', 355, 112),
(1056, 'Mental Stamina', 356, 112),
(1057, 'Guide: Part 2', 357, 112),
(1058, 'Seagulls', 358, 113),
(1059, 'The Spear Among Shields, the Shield Among the Spears', 359, 113),
(1060, 'Teachings', 360, 113),
(1061, 'The View From the Top: Part 2', 361, 113),
(1062, 'The Little Giant Vs.', 362, 113),
(1063, 'The Little Giant Vs. the Greatest Decoy', 363, 113),
(1064, 'If I Wasn\'t Alone', 364, 113),
(1065, 'Endings and Beginnings: Part 2', 365, 113),
(1066, 'Watch', 366, 114),
(1067, 'Our Spring Comes to an End', 367, 114),
(1068, 'What Will You Become?', 368, 114),
(1069, 'Food Becomes Muscle', 369, 114),
(1070, 'Challenger', 370, 114),
(1071, 'On the Other SIde of the World', 371, 114),
(1072, 'Another Challenger', 372, 114),
(1073, 'Declaration of War: Part 2', 373, 114),
(1074, 'First Goals', 374, 114),
(1075, 'Polish', 375, 115),
(1076, 'Beach Volleyball', 376, 115),
(1077, 'Going Home!', 377, 115),
(1078, 'The Final Boss', 378, 115),
(1079, 'The Great Monster War', 379, 115),
(1080, 'Greetings: Part 2', 380, 115),
(1081, 'Friend and Foe in the Same Boat', 381, 115),
(1082, 'Monster on Parade', 382, 115),
(1083, 'Superstar', 383, 115),
(1084, 'The Greatest Decoy: Part 2', 384, 115),
(1085, 'It Fot Me Pumped but at the Same Time Made Me Jealous', 385, 116),
(1086, 'Freedom', 386, 116),
(1087, 'The Greatest Opponent', 387, 116),
(1088, 'The Greatest Opponent: Part 2', 388, 116),
(1089, 'King of the Court: Part 2', 389, 116),
(1090, 'The Greatest Contender: Part 2', 390, 116),
(1091, 'Who Needs Memories', 391, 116),
(1092, 'Just a Star', 392, 116),
(1093, 'Beat You to \'Being Better\'', 393, 116),
(1094, 'The Lucky Ones', 394, 117),
(1095, 'The Lucky Ones: Part 2', 395, 117),
(1096, 'Hunger: Part 2', 396, 117),
(1097, 'Load Save', 397, 117),
(1098, 'He Who Would Climb a Ladder Must Begin at the Bottom', 398, 117),
(1099, 'Embodiment', 399, 117),
(1100, 'The Great Monster War: Part 2', 400, 117),
(1101, 'Promises', 401, 117),
(1102, 'Challengers', 402, 117);

-- --------------------------------------------------------

--
-- Table structure for table `characters`
--

CREATE TABLE `characters` (
  `id` int(11) NOT NULL,
  `name` varchar(100) NOT NULL,
  `gender` varchar(10) NOT NULL,
  `dob` varchar(12) NOT NULL,
  `comic_id` int(11) NOT NULL
) ENGINE=InnoDB DEFAULT CHARSET=utf8mb4;

--
-- Dumping data for table `characters`
--

INSERT INTO `characters` (`id`, `name`, `gender`, `dob`, `comic_id`) VALUES
(1, 'Uzumaki Naruto', 'Male', 'October 10', 1),
(2, 'Sasuke Uchiha', 'Male', 'July 23', 1),
(3, 'Kakashi Hatake', 'Male', 'September 15', 1),
(4, 'Sakura Haruno', 'Female', 'March 28', 1),
(5, 'Hinata Hyuga', 'Female', 'December 27', 1),
(6, 'Kiba Inuzuka', 'Male', 'July 7', 1),
(7, 'Akamaru', 'Male', 'July 7', 1),
(8, 'Shino Aburame', 'Male', 'January 23', 1),
(9, 'Kurenai Yuhi', 'Female', 'June 11', 1),
(10, 'Shikamaru Nara', 'Male', 'September 22', 1),
(11, 'Choji Akimichi', 'Male', 'May 1', 1),
(12, 'Ino Yamanaka', 'Female', 'September 23', 1),
(13, 'Asuma Sarutobi', 'Male', 'October 18', 1),
(14, 'Rock Lee', 'Male', 'November 27', 1),
(15, 'Neji Hyuga', 'Male', 'July 3', 1),
(16, 'Tenten', 'Female', 'March 9', 1),
(17, 'Might Guy', 'Male', 'January1', 1),
(18, 'Gaara', 'Male', 'January 19', 1),
(19, 'Kankuro', 'Male', 'May 15', 1),
(20, 'Temari', 'Female', 'August 23', 1),
(21, 'Shikadai Nara', 'Male', 'September 23', 1),
(22, 'Chocho Akimichi', 'Female', 'August 8', 1),
(23, 'Inojin Yamanaka', 'Male', 'December 5', 1),
(24, 'Moegi Kazamatsuri', 'Female', 'June 8', 1),
(25, 'Sumire Kakei', 'Female', 'June 12', 1),
(26, 'Hanabi Hyuga', 'Female', 'March 27', 1),
(27, 'Udon Ise', 'Male', 'April 3', 1),
(28, 'Zabuza Momochi', 'Male', 'August 15', 1),
(29, 'Haku', 'Male', 'January 9', 1),
(30, 'Orochimaru', 'Various', 'October 27', 1),
(31, 'Kabuto Yakushi', 'Male', 'February 29', 1),
(32, 'Jirobo', 'Male', 'June 26', 1),
(33, 'Kidomaru', 'Male', 'December 16', 1),
(34, 'Sakon and Ukon', 'Male', 'June 20', 1),
(35, 'Tayuya', 'Female', 'February 15', 1),
(36, 'Kimimaro', 'Male', 'June 15', 1),
(37, 'Obito Uchiha', 'Male', 'February 10', 1),
(38, 'Kisame Hoshigaki', 'Male', 'March 18', 1),
(39, 'Konan', 'Female', 'February 20', 1),
(40, 'Nagato', 'Male', 'September 19', 1),
(41, 'Itachi Uchiha', 'Male', 'June 9', 1),
(42, 'Deidara', 'Male', 'May 5', 1),
(43, 'Hidan', 'Male', 'April 2', 1),
(44, 'Kakuzu', 'Male', 'August 15', 1),
(45, 'Sasori', 'Male', 'November 8', 1),
(46, 'Madara Uchiha', 'Male', 'December 24', 1),
(47, 'Iruka Umino', 'Male', 'May 26', 1),
(48, 'Boruto Uzumaki', 'Male', 'March 27', 1),
(49, 'Sarada Uchiha', 'Female', 'March 31', 1),
(50, 'Mitsuki', 'Male', 'July 25', 1),
(51, 'Konohamaru Sarutobi', 'Male', 'December 30', 1),
(52, 'Shoyo Hinata', 'Male', 'June 21', 2),
(53, 'Tobio Kageyama', 'Male', 'December 22', 2),
(54, 'Kei Tsukishima', 'Male', 'September 27', 2),
(55, 'Tadashi Yamaguchi', 'Male', 'November 10', 2),
(56, 'Daichi Sawamura', 'Male', 'December 31', 2),
(57, 'Koshi Sugawara', 'Male', 'June 13', 2),
(58, 'Asahi Azumane', 'Male', 'January 1', 2),
(59, 'Yu Nishinoya', 'Male', 'October 10', 2),
(60, 'Ryunosuke Tanaka', 'Male', 'March 3', 2),
(61, 'Chikara Ennoshita', 'Male', 'December 26', 2),
(62, 'Hisashi Kinoshita', 'Male', 'February 15', 2),
(63, 'Kazuhito Narita', 'Male', 'August 17', 2),
(64, 'Kiyoko Shimizu', 'Female', 'January 6', 2),
(65, 'Hitoka Yachi', 'Female', 'September 4', 2),
(66, 'Ittetsu Takeda', 'Male', 'January 10', 2),
(67, 'Keishin Ukai', 'Male', 'April 5', 2),
(68, 'Yui Michimiya', 'Female', 'August 1', 2),
(69, 'Tetsuro Kuroo', 'Male', 'November 17', 2),
(70, 'Nobuyuki Kai', 'Male', 'April 8', 2),
(71, 'Morisuke Yaku', 'Male', 'August 8', 2),
(72, 'Taketora Yamamoto', 'Male', 'February 22', 2),
(73, 'Kenma Kozume', 'Male', 'October 16', 2),
(74, 'Shohei Fukunaga', 'Male', 'September 29', 2),
(75, 'So Inuoka', 'Male', 'November 1', 2),
(76, 'Tamahiko Teshiro', 'Male', 'January 14', 2),
(77, 'Lev Haiba', 'Male', 'October 30', 2),
(78, 'Yuki Shibayama', 'Male', 'December 16', 2),
(79, 'Akane Yamamoto', 'Female', 'March 13', 2),
(80, 'Alisa Haiba', 'Female', 'April 5', 2),
(81, 'Toru Oikawa', 'Male', 'July 20', 2),
(82, 'Issei Matsukawa', 'Male', 'March 1', 2),
(83, 'Takahiro Hanamaki', 'Male', 'January 27', 2),
(84, 'Hajime Iwaizumi', 'Male', 'June 10', 2),
(85, 'Shigeru Yahaba', 'Male', 'March 1', 2),
(86, 'Shinji Watari', 'Male', 'April 3', 2),
(87, 'Yutaro Kindaichi', 'Male', 'June 6', 2),
(88, 'Akira Kunimi', 'Male', 'March 25', 2),
(89, 'Kentaro Kyotani', 'Male', 'December 7', 2),
(90, 'Yasushi Kamasaki', 'Male', 'November 8', 2),
(91, 'Kaname Moniwa', 'Male', 'September 6', 2),
(92, 'Takehito Sasaya', 'Male', 'February 10', 2),
(93, 'Kenji Futakuchi', 'Male', 'November 10', 2),
(94, 'Takanobu Aone', 'Male', 'August 13', 2),
(95, 'Yutaka Obara', 'Male', 'December 15', 2),
(96, 'Kosuke Sakunami', 'Male', 'August 30', 2),
(97, 'Kanji Koganegawa', 'Male', 'July 9', 2),
(98, 'Taro Onagawa', 'Male', 'December 14', 2),
(99, 'Tasuki Washio', 'Male', 'August 29', 2),
(100, 'Yamato Sarukui', 'Male', 'August 2', 2),
(101, 'Kotaro Bokuto', 'Male', 'September 20', 2),
(102, 'Keiji Akaashi', 'Male', 'December 5', 2),
(103, 'Akinori Konoha', 'Male', 'September 30', 2),
(104, 'Haruki Komi', 'Male', 'January 23', 2),
(105, 'Wataru Onaga', 'Male', 'April 14', 2),
(106, 'Wakatoshi Ushijima', 'Male', 'August 13', 2),
(107, 'Eita Semi', 'Male', 'November 11', 2),
(108, 'Reon Ohira', 'Male', 'October 30', 2),
(109, 'Satori Tendo', 'Male', 'May 20', 2),
(110, 'Tsutomu Goshiki', 'Male', 'August 22', 2),
(111, 'Kenjiro Shirabu', 'Male', 'May 4', 2),
(112, 'Taichi Kawanishi', 'Male', 'April 15', 2),
(113, 'Hayato Yamagata', 'Male', 'February 14', 2),
(114, 'Yuji Terushima', 'Male', 'April 18', 2),
(115, 'Takeru Nakashime', 'Male', 'August 20', 2),
(116, 'Shunki Kawatabi', 'Male', 'June 11', 2),
(117, 'Kazumasa Hanayama', 'Male', 'April 16', 2),
(118, 'Yoshiki Towada', 'Male', 'August 24', 2),
(119, 'Eikichi Chigaya', 'Male', 'October 19', 2),
(120, 'Suguru Daisho', 'Male', 'July 1', 2),
(121, 'Numai Kazuma', 'Male', 'August 4', 2),
(122, 'Naoyasu Kuguri', 'Male', 'September 9', 2),
(123, 'Kiyoomi Sakusa', 'Male', 'March 20', 2),
(124, 'Motoya Komori', 'Male', 'July 30', 2),
(125, 'Kazuki Maruyama', 'Male', 'November 4', 2),
(126, 'Sakae Echigo', 'Male', 'October 9', 2),
(127, 'Motoki Teradomari', 'Male', 'April 12', 2),
(128, 'Aoi Himekawa', 'Male', 'January 19', 2),
(129, 'Shinsuke Kita', 'Male', 'July 5', 2),
(130, 'Ren Omimi', 'Male', 'February 17', 2),
(131, 'Aran Ojiro', 'Male', 'April 4', 2),
(132, 'Hitoshi Ginjima', 'Male', 'August 21', 2),
(133, 'Atsumu Miya', 'Male', 'October 5', 2),
(134, 'Rintaro Suna', 'Male', 'January 25', 2),
(135, 'Osamu Miya', 'Male', 'October 5', 2),
(136, 'Heisuke Riseki', 'Male', 'March 13', 2),
(137, 'Michinari Akagi', 'Male', 'April 12', 2),
(138, 'Wakatsu Kiryu', 'Male', 'April 8', 2),
(139, 'Korai Hoshiumi', 'Male', 'April 16', 2),
(140, 'Sachiro Hirugami', 'Male', 'February 3', 2),
(141, 'Go Akaizawa', 'Male', 'February 27', 2),
(142, 'Kanoka Amanai', 'Female', 'October 24', 2),
(143, 'Mika Yamaka', 'Female', 'December 19', 2);

-- --------------------------------------------------------

--
-- Table structure for table `comic`
--

CREATE TABLE `comic` (
  `id` int(11) NOT NULL,
  `name` varchar(100) NOT NULL,
  `description` varchar(200) DEFAULT NULL,
  `creator` varchar(100) NOT NULL,
  `volume` int(11) DEFAULT 0,
  `status` varchar(20) DEFAULT 'ONGOING',
  `year_started` date DEFAULT NULL,
  `main_character` varchar(100) DEFAULT NULL
) ENGINE=InnoDB DEFAULT CHARSET=utf8mb4;

--
-- Dumping data for table `comic`
--

INSERT INTO `comic` (`id`, `name`, `description`, `creator`, `volume`, `status`, `year_started`, `main_character`) VALUES
(1, 'Naruto', 'Naruto is a Japanese manga series written and illustrated by Masashi Kishimoto. It tells the story of Naruto Uzumaki, a young ninja who seeks recognition from his peers and dreams of becoming the Hoka', 'Masashi Kishimoto', 72, 'finished', '2002-10-03', 'Uzumaki Naruto'),
(2, 'Haikyu!!', 'Haikyu!! is a shonen sports manga series written and drawn by Haruichi Furudate. The story follows Shoyo Hinata, a boy determined to become a great volleyball player despite his small stature.', 'Haruichi Furudate', 45, 'finished', '2012-02-20', 'Shoyo Hinata');

-- --------------------------------------------------------

--
-- Table structure for table `volume`
--

CREATE TABLE `volume` (
  `id` int(11) NOT NULL,
  `title` varchar(100) NOT NULL,
  `published_date` date DEFAULT NULL,
  `volume_no` int(11) DEFAULT NULL,
  `comic_id` int(11) NOT NULL
) ENGINE=InnoDB DEFAULT CHARSET=utf8mb4;

--
-- Dumping data for table `volume`
--

INSERT INTO `volume` (`id`, `title`, `published_date`, `volume_no`, `comic_id`) VALUES
(1, 'Naruto Uzumaki', '2000-03-03', 1, 1),
(2, 'The Worst Client', '2000-06-02', 2, 1),
(3, 'For the Sake of Dreams...!!', '2000-08-04', 3, 1),
(4, 'The Hero\'s Bridge!!', '2000-10-04', 4, 1),
(5, 'The Challengers!!', '2000-12-04', 5, 1),
(6, 'Predator Sakura no ketsui!!', '2001-03-02', 6, 1),
(7, 'The Path You Should Tread Susumubeki michi', '2001-05-01', 7, 1),
(8, 'Life-and-Death Battles Inochigake no tatakai!!', '2001-08-03', 8, 1),
(9, 'Neji vs. Hinata', '2001-10-04', 9, 1),
(10, 'A Splendid Ninja', '2001-12-04', 10, 1),
(11, 'Impassioned Efforts', '2002-03-04', 11, 1),
(12, 'The Great Flight', '2002-05-01', 12, 1),
(13, 'The Chnin Exam', '2002-08-02', 13, 1),
(14, 'Hokage vs. Hokage!!', '2002-11-01', 14, 1),
(15, 'Naruto\'s Ninja Handbook!', '2002-12-20', 15, 1),
(16, 'Eulogy', '2003-03-04', 16, 1),
(17, 'Itachi\'s Power', '2003-05-01', 17, 1),
(18, 'Tsunade\'s Choice', '2003-08-04', 18, 1),
(19, 'Successor', '2003-11-11', 19, 1),
(20, 'Naruto vs. Sasuke', '2003-12-19', 20, 1),
(21, 'Pursuit', '2004-03-04', 21, 1),
(22, 'Comrades', '2004-04-30', 22, 1),
(23, 'Predicament', '2004-08-04', 23, 1),
(24, 'Unorthodox', '2004-10-04', 24, 1),
(25, 'Brothers', '2004-12-03', 25, 1),
(26, 'Awakening', '2005-02-04', 26, 1),
(27, 'Departure', '2005-04-04', 27, 1),
(28, 'Homecoming', '2005-06-03', 28, 1),
(29, 'Kakashi vs. Itachi!!', '2005-08-04', 29, 1),
(30, 'Puppet Masters', '2005-11-04', 30, 1),
(31, 'Final Battle', '2005-12-26', 31, 1),
(32, 'The Search for Sasuke', '2006-04-04', 32, 1),
(33, 'The Secret Mission', '2006-06-02', 33, 1),
(34, 'The Reunion', '2006-08-04', 34, 1),
(35, 'The New Two', '2006-11-02', 35, 1),
(36, 'Cell Number 10', '2006-12-27', 36, 1),
(37, 'Shikamaru\'s Battle', '2007-04-04', 37, 1),
(38, 'Practice Makes Perfect', '2007-06-04', 38, 1),
(39, 'On the Move', '2007-08-03', 39, 1),
(40, 'The Ultimate Art', '2007-11-02', 40, 1),
(41, 'Jiraiya\'s Decision', '2008-02-04', 41, 1),
(42, 'The Secret of the Mangekyo', '2008-05-02', 42, 1),
(43, 'The Man with the Truth', '2008-08-04', 43, 1),
(44, 'Senjutsu Heir', '2008-11-04', 44, 1),
(45, 'Battlefield, Konoha', '2009-02-04', 45, 1),
(46, 'Naruto Returns', '2009-05-01', 46, 1),
(47, 'The Seal Destroyed', '2009-08-04', 47, 1),
(48, 'The Cheering Village', '2009-11-04', 48, 1),
(49, 'The Gokage Summit Commences', '2010-01-04', 49, 1),
(50, 'Water Prison Death Match', '2010-03-04', 50, 1),
(51, 'Sasuke vs. Danzo!', '2010-04-30', 51, 1),
(52, 'Cell Seven Reunion', '2010-08-04', 52, 1),
(53, 'The Birth of Naruto', '2010-11-04', 53, 1),
(54, 'Viaduct to Peace', '2010-12-29', 54, 1),
(55, 'The Great War Begins', '2011-04-21', 55, 1),
(56, 'Team Asuma, Reunited', '2011-06-03', 56, 1),
(57, 'Battle', '2011-08-04', 57, 1),
(58, 'Naruto vs. Itachi', '2011-11-04', 58, 1),
(59, 'The Five Kage', '2012-02-03', 59, 1),
(60, 'Kurama!!', '2012-05-02', 60, 1),
(61, 'Uchiha Brothers United Front', '2012-07-27', 61, 1),
(62, 'The Crack', '2012-10-04', 62, 1),
(63, 'World of Dreams', '2012-12-28', 63, 1),
(64, 'Ten Tails', '2013-04-04', 64, 1),
(65, 'Hashirama and Madara', '2013-07-04', 65, 1),
(66, 'The New Three', '2013-09-04', 66, 1),
(67, 'An Opening', '2013-12-04', 67, 1),
(68, 'Path', '2014-03-04', 68, 1),
(69, 'The Start of a Crimson Spring', '2014-05-02', 69, 1),
(70, 'Naruto and the Sage of Six Paths', '2014-08-04', 70, 1),
(71, 'I Love You Guys', '2014-11-04', 71, 1),
(72, 'Uzumaki Naruto!!', '2015-02-04', 72, 1),
(73, 'Hinata and Kageyama', '2012-06-04', 1, 2),
(74, 'The View From The Top', '2012-08-03', 2, 2),
(75, 'Go, Team Karasuno!', '2012-10-04', 3, 2),
(76, 'Rivals!', '2013-01-04', 4, 2),
(77, 'Inter-high Begins!', '2013-03-04', 5, 2),
(78, 'Setter Battle!', '2013-05-02', 6, 2),
(79, 'Evolution', '2013-08-02', 7, 2),
(80, 'Former Lonely Tyrant', '2013-10-04', 8, 2),
(81, 'Desire', '2014-01-04', 9, 2),
(82, 'Moonrise', '2014-04-04', 10, 2),
(83, 'Above', '2014-06-04', 11, 2),
(84, 'The Tournament Begins!', '2014-08-04', 12, 2),
(85, 'Playground', '2014-10-03', 13, 2),
(86, 'Quitter\'s Battle', '2014-12-27', 14, 2),
(87, 'Destroyer', '2015-03-04', 15, 2),
(88, 'Ex-Quitter\'s Battle', '2015-05-01', 16, 2),
(89, 'Talent and Instinct', '2015-08-04', 17, 2),
(90, 'Hope Is a Waxing Moon', '2015-10-03', 18, 2),
(91, 'Moon\'s Halo', '2015-12-04', 19, 2),
(92, 'Particular', '2016-03-04', 20, 2),
(93, 'A Battle Of Concepts', '2016-05-02', 21, 2),
(94, 'Land vs. Air', '2016-07-04', 22, 2),
(95, 'The Ball\'s Path', '2016-10-04', 23, 2),
(96, 'First Snow', '2016-12-02', 24, 2),
(97, 'Return', '2017-03-03', 25, 2),
(98, 'Warfront', '2017-05-02', 26, 2),
(99, 'The Chance That Connects', '2017-08-04', 27, 2),
(100, 'Day 2', '2017-10-04', 28, 2),
(101, 'Discovery', '2017-12-04', 29, 2),
(102, 'Broken Hearted', '2018-02-02', 30, 2),
(103, 'Hero', '2018-04-04', 31, 2),
(104, 'Piton', '2018-07-04', 32, 2),
(105, 'Monster\'s Banquet', '2018-08-03', 33, 2),
(106, 'Cat Claws', '2018-10-04', 34, 2),
(107, 'Birdcage', '2018-12-04', 35, 2),
(108, 'My Victory', '2019-02-04', 36, 2),
(109, 'The End of the Clash of Ages', '2019-04-04', 37, 2),
(110, 'Task Focus', '2019-06-04', 38, 2),
(111, 'Little Giants', '2019-09-04', 39, 2),
(112, 'Affirmation', '2019-11-01', 40, 2),
(113, 'The Little Giant Vs.', '2020-01-04', 41, 2),
(114, 'What Will You Become?', '2020-03-04', 42, 2),
(115, 'The Final Boss', '2020-05-13', 43, 2),
(116, 'Saikyo no Teki', '2020-08-04', 44, 2),
(117, 'Chosensha-tachi', '2020-11-04', 45, 2);

--
-- Indexes for dumped tables
--

--
-- Indexes for table `chapter`
--
ALTER TABLE `chapter`
  ADD PRIMARY KEY (`id`),
  ADD KEY `volume_id` (`volume_id`);

--
-- Indexes for table `characters`
--
ALTER TABLE `characters`
  ADD PRIMARY KEY (`id`);

--
-- Indexes for table `comic`
--
ALTER TABLE `comic`
  ADD PRIMARY KEY (`id`);

--
-- Indexes for table `volume`
--
ALTER TABLE `volume`
  ADD PRIMARY KEY (`id`),
  ADD KEY `comic_id` (`comic_id`);

--
-- AUTO_INCREMENT for dumped tables
--

--
-- AUTO_INCREMENT for table `comic`
--
ALTER TABLE `comic`
  MODIFY `id` int(11) NOT NULL AUTO_INCREMENT, AUTO_INCREMENT=3;

--
-- AUTO_INCREMENT for table `volume`
--
ALTER TABLE `volume`
  MODIFY `id` int(11) NOT NULL AUTO_INCREMENT, AUTO_INCREMENT=118;

--
-- Constraints for dumped tables
--

--
-- Constraints for table `chapter`
--
ALTER TABLE `chapter`
  ADD CONSTRAINT `chapter_ibfk_1` FOREIGN KEY (`volume_id`) REFERENCES `volume` (`id`);

--
-- Constraints for table `volume`
--
ALTER TABLE `volume`
  ADD CONSTRAINT `volume_ibfk_1` FOREIGN KEY (`comic_id`) REFERENCES `comic` (`id`);
COMMIT;

/*!40101 SET CHARACTER_SET_CLIENT=@OLD_CHARACTER_SET_CLIENT */;
/*!40101 SET CHARACTER_SET_RESULTS=@OLD_CHARACTER_SET_RESULTS */;
/*!40101 SET COLLATION_CONNECTION=@OLD_COLLATION_CONNECTION */;
